<?xml version="1.0" encoding="UTF-8"?>
<beans xmlns="http://www.springframework.org/schema/beans"
	xmlns:xsi="http://www.w3.org/2001/XMLSchema-instance"
	xmlns:context="http://www.springframework.org/schema/context"
	xsi:schemaLocation="http://www.springframework.org/schema/beans http://www.springframework.org/schema/beans/spring-beans-3.2.xsd
		http://www.springframework.org/schema/context http://www.springframework.org/schema/context/spring-context-3.2.xsd">


<!-- Setter for value injection -->
	<bean id="emp" class="com.cg.bean.Empl">
	<property name="empId" value="866" />
	<property name="empName" value="Darshan" />
	<property name="salary" value="13565.22" />
	</bean>

	<bean id="emp2" class="com.cg.bean.Empl">
	<property name="empId" value="754" />
	<property name="empName" value="Ganesh" />
	<property name="salary" value="88857.22" />
	</bean>

</beans>
