<?xml version="1.0" encoding="UTF-8"?>
<beans xmlns="http://www.springframework.org/schema/beans"
	xmlns:xsi="http://www.w3.org/2001/XMLSchema-instance"
	xmlns:context="http://www.springframework.org/schema/context"
	xsi:schemaLocation="http://www.springframework.org/schema/beans http://www.springframework.org/schema/beans/spring-beans-3.2.xsd
		http://www.springframework.org/schema/context http://www.springframework.org/schema/context/spring-context-3.2.xsd">



<!-- Setter for value injection -->
	<bean id="employee" class="com.cg.bean.Employee">
	<property name="employeeId" value="54545" />
	<property name="employeeName" value="DGDGD" />
	<property name="salary" value="87777" />
</bean>

<bean id="sbu" class="com.cg.bean.SBU">			
	<property name="sbuCode" value="99" />
	<property name="sbuName" value="Sez" />
	<property name="sbuHead" value="delhi" />
	<property name="empList" ref="employee" />
</bean>
</beans>
